datetime,open,high,low,close,volume
2026-03-23T12:00:00+00:00,5583.55,5696.04,5565.54,5617.08,56849
2026-03-24T00:00:00+00:00,5617.08,5632.73,5549.73,5600.72,24404.89023255814
2026-03-24T12:00:00+00:00,5600.72,5685.73,5530.72,5666.78,48655
2026-03-25T00:00:00+00:00,5666.78,5709.03,5643.09,5697.02,14963.964411247804
2026-03-25T12:00:00+00:00,5697.02,5707.52,5629.54,5658.09,30866.354034715077
2026-03-26T00:00:00+00:00,5658.09,5664.1,5610.09,5612.59,14674.175723359209
2026-03-26T12:00:00+00:00,5612.59,5692.1,5579.1,5609.150000000001,25967.460200668895
2026-03-27T00:00:00+00:00,5609.150000000001,5632.160000000001,5528.160000000001,5553.670000000001,16391.818307905687
2026-03-27T12:00:00+00:00,5553.670000000001,5587.660000000001,5505.160000000001,5506.160000000001,28877.619554695062
2026-03-30T00:00:00+00:00,5506.160000000001,5624.210000000001,5502.660000000001,5577.72,17440.81111111111
2026-03-30T12:00:00+00:00,5577.72,5619.22,5540.21,5567.77,27401.6042483902
2026-03-31T00:00:00+00:00,5567.77,5661.75,5564.77,5636.740000000001,24113.74213836478
2026-03-31T12:00:00+00:00,5636.740000000001,5724.76,5600.76,5708.81,42820
2026-04-01T00:00:00+00:00,5708.81,5783.820000000001,5704.81,5777.84,16558.66623263889
2026-04-01T12:00:00+00:00,5777.84,5808.83,5746.33,5785.89,27058
2026-04-02T00:00:00+00:00,5785.89,5793.89,5656.64,5657.14,11026.108998732572
2026-04-02T12:00:00+00:00,5657.14,5775.650000000001,5646.64,5761.720000000001,32288.1552355382
2026-04-07T00:00:00+00:00,5761.720000000001,5814.85,5728.340000000001,5734.35,28527.125179856113
2026-04-07T12:00:00+00:00,5734.35,5815.35,5670.330000000001,5767.390000000001,43060
2026-04-08T00:00:00+00:00,5767.390000000001,6005.31,5764.890000000001,5998.290000000001,24978.425495557072
2026-04-08T12:00:00+00:00,5998.290000000001,6011.31,5951.290000000001,5994.37,28214.682684476298
2026-04-09T00:00:00+00:00,5994.37,5996.87,5921.1900000000005,5942.18,12360.473183391005
2026-04-09T12:00:00+00:00,5942.18,6003.1900000000005,5922.18,5982.24,20072
2026-04-10T00:00:00+00:00,5982.24,6033.36,5969.37,6019.87,10064.775609756098
2026-04-10T12:00:00+00:00,6019.87,6040.38,5969.86,5994.42,13307.782986112894
2026-04-13T00:00:00+00:00,5994.42,6002.92,5928.52,5931.03,7981.800751926392
2026-04-13T12:00:00+00:00,5931.03,6025.59,5926.53,6025.08,14567.456230413354
2026-04-14T00:00:00+00:00,6025.08,6061.31,6012.29,6050.31,9656.797033567525
2026-04-14T12:00:00+00:00,6050.31,6074.29,6046.3,6069.35,10131.965152823617
2026-04-15T00:00:00+00:00,6069.35,6071.35,6032.6,6043.6,8518.687864334923
2026-04-15T12:00:00+00:00,6043.6,6045.61,6003.080000000001,6029.630000000001,8240.424516455987
2026-04-16T00:00:00+00:00,6029.630000000001,6051.6900000000005,6027.630000000001,6051.18,5431.514354810617
2026-04-16T12:00:00+00:00,6051.18,6055.6900000000005,5982.670000000001,6000.72,11955
2026-04-17T00:00:00+00:00,6000.72,6059.1,5997.09,6035.6,4683.618129907209
2026-04-17T12:00:00+00:00,6035.6,6159.09,6034.09,6124.64,21546.278783664704
2026-04-20T00:00:00+00:00,6124.64,6128.64,6048.01,6059.51,9576.564257028112
2026-04-20T12:00:00+00:00,6059.51,6087.03,6044.02,6082.57,13551.809485521291
2026-04-21T00:00:00+00:00,6082.57,6101.06,6071.05,6080.55,5414.655581156383
2026-04-21T12:00:00+00:00,6080.55,6081.06,5960.04,5973.6,23482.512589928057
2026-04-22T00:00:00+00:00,5973.6,6038.95,5968.6,6013.46,8880.286052009456
2026-04-22T12:00:00+00:00,6013.46,6022.46,5956.94,5986.99,16421.540655014265
2026-04-23T00:00:00+00:00,5986.99,5989.99,5923.32,5960.33,11490.387030995105
2026-04-23T12:00:00+00:00,5960.33,5989.34,5869.32,5937.88,33132
2026-04-24T00:00:00+00:00,5937.88,6002.85,5918.87,5977.91,16261.302405498282
2026-04-24T12:00:00+00:00,5977.91,6013.37,5949.86,5986.93,22729.00515235503
2026-04-27T00:00:00+00:00,5986.93,6010.88,5947.38,6003.89,6271.7888224690805
2026-04-27T12:00:00+00:00,6003.89,6004.37,5930.37,5948.93,9559.906620866603
2026-04-28T00:00:00+00:00,5948.93,5962.05,5907.04,5912.55,11305.582431572248
2026-04-28T12:00:00+00:00,5912.55,5935.06,5896.04,5908.04,17331.45870503597
2026-04-29T00:00:00+00:00,5908.04,5932.96,5873.95,5899.45,10227.47256097561
2026-04-29T12:00:00+00:00,5899.45,5906.96,5848.46,5866.49,18474.163570767952
2026-04-30T00:00:00+00:00,5866.49,5910.24,5803.23,5905.24,14826.10916392844
2026-04-30T12:00:00+00:00,5905.24,5971.25,5895.23,5955.78,14263.853811480829
2026-05-04T00:00:00+00:00,5955.78,5980.13,5848.62,5897.63,15097.12316838831
2026-05-04T12:00:00+00:00,5897.63,5912.14,5794.12,5823.18,24256
2026-05-05T00:00:00+00:00,5823.18,5928.68,5811.67,5907.16,14251.146911519198
2026-05-05T12:00:00+00:00,5907.16,5952.68,5891.67,5945.72,11125.312689116126
2026-05-06T00:00:00+00:00,5945.72,6141.13,5945.72,6116.64,22660.11697660468
2026-05-06T12:00:00+00:00,6116.64,6121.669999999999,6072.13,6112.2,18079.339228612258
2026-05-07T00:00:00+00:00,6112.2,6139.7,6091.19,6100.69,12281.440304128859
2026-05-07T12:00:00+00:00,6100.69,6119.7,5974.679999999999,5985.74,24485
2026-05-08T00:00:00+00:00,5985.74,6001.389999999999,5967.37,5982.379999999999,11398.588528678305
2026-05-08T12:00:00+00:00,5982.379999999999,6008.37,5956.879999999999,5995.929999999999,11834.205401111994
2026-05-11T00:00:00+00:00,5995.929999999999,5997.929999999999,5935.879999999999,5940.879999999999,7987.691197275701
2026-05-11T12:00:00+00:00,5940.879999999999,5965.9,5932.879999999999,5952.929999999999,10002.490218642117
2026-05-12T00:00:00+00:00,5952.929999999999,5953.929999999999,5880.799999999999,5901.32,10279.924206537187
2026-05-12T12:00:00+00:00,5901.32,5916.32,5864.3099999999995,5907.86,14048
2026-05-13T00:00:00+00:00,5907.86,5923.589999999999,5881.57,5897.079999999999,7875.556461475744
2026-05-13T12:00:00+00:00,5897.079999999999,5959.57,5862.57,5954.6,10154.60860199756
2026-05-14T00:00:00+00:00,5954.6,5997.46,5947.44,5991.44,8361.35985887887
2026-05-14T12:00:00+00:00,5991.44,6008.45,5966.44,5974.49,10787.906547204297
2026-05-15T00:00:00+00:00,5974.49,5979.49,5886.67,5897.18,15465.282345442956
2026-05-15T12:00:00+00:00,5897.18,5909.68,5872.660000000001,5879.22,17756.86672426828
2026-05-18T00:00:00+00:00,5879.22,5912.790000000001,5801.77,5890.77,14845.652661064425
2026-05-18T12:00:00+00:00,5890.77,5948.790000000001,5882.780000000001,5943.830000000001,25384
2026-05-19T00:00:00+00:00,5943.830000000001,5978.500000000001,5905.47,5944.550000000002,14627.947405494248
2026-05-19T12:00:00+00:00,5944.550000000002,5970.040000000002,5904.030000000002,5908.590000000002,22521
2026-05-20T00:00:00+00:00,5908.590000000002,5984.8600000000015,5899.850000000002,5964.370000000002,9162.028193450446
2026-05-20T12:00:00+00:00,5964.370000000002,6087.370000000002,5961.850000000002,6061.420000000002,23569.800303446846
2026-05-21T00:00:00+00:00,6061.420000000002,6081.500000000002,5995.480000000002,6016.990000000002,15526.397530864197
2026-05-21T12:00:00+00:00,6016.990000000002,6117.490000000002,6004.990000000002,6091.040000000002,26282
2026-05-22T00:00:00+00:00,6091.040000000002,6097.250000000002,6061.240000000002,6078.260000000002,9941.498762376237
2026-05-22T12:00:00+00:00,6078.260000000002,6109.260000000002,6064.750000000002,6068.800000000002,16731.414750198255
2026-05-25T00:00:00+00:00,6068.800000000002,6194.610000000002,6067.300000000002,6190.590000000002,5181.566421213713
2026-05-25T12:00:00+00:00,6190.590000000002,6223.600000000002,6188.590000000002,6214.590000000002,4615.579387945534
2026-05-26T00:00:00+00:00,6214.590000000002,6215.590000000002,6149.540000000002,6163.540000000002,8761.341614906833
2026-05-26T12:00:00+00:00,6163.540000000002,6174.550000000002,6130.560000000002,6152.590000000002,8321.152542372882
2026-05-27T00:00:00+00:00,6152.590000000002,6194.940000000002,6150.440000000002,6177.460000000002,5631.403254946634
2026-05-27T12:00:00+00:00,6177.460000000002,6208.450000000003,6124.450000000003,6145.480000000003,14563.656027173722
2026-05-28T00:00:00+00:00,6145.480000000003,6147.980000000003,6105.770000000003,6113.270000000003,7683.992604321165
2026-05-28T12:00:00+00:00,6113.270000000003,6159.7800000000025,6097.760000000003,6122.810000000003,12464.400045532922
2026-05-29T00:00:00+00:00,6122.810000000003,6180.000000000003,6122.310000000003,6155.020000000003,7227.854762909019
2026-05-29T12:00:00+00:00,6155.020000000003,6159.020000000003,6097.500000000003,6100.550000000003,11351.287704748156
2026-06-01T00:00:00+00:00,6100.550000000003,6140.520000000003,6098.550000000003,6136.510000000003,7362.863388497686
2026-06-01T12:00:00+00:00,6136.510000000003,6153.520000000003,6069.500000000003,6121.060000000003,23214.20227988653
2026-06-02T00:00:00+00:00,6121.060000000003,6186.890000000003,6118.060000000003,6174.390000000003,7233.548852333845
2026-06-02T12:00:00+00:00,6174.390000000003,6182.390000000003,6142.880000000003,6172.920000000003,8236.80913420472
2026-06-03T00:00:00+00:00,6172.920000000003,6176.920000000003,6142.130000000003,6153.130000000003,7849.664594862016
2026-06-03T12:00:00+00:00,6153.130000000003,6155.640000000003,6115.630000000003,6117.180000000003,8352.917353083702
2026-06-04T00:00:00+00:00,6117.180000000003,6173.020000000003,6116.680000000003,6161.500000000003,8770.845132743363
2026-06-04T12:00:00+00:00,6161.500000000003,6201.510000000003,6151.500000000003,6190.570000000002,9719.300356032625
2026-06-05T00:00:00+00:00,6190.570000000002,6198.260000000003,6152.7400000000025,6187.2400000000025,9374.85067860925
2026-06-05T12:00:00+00:00,6187.2400000000025,6190.310000000003,6080.250000000003,6097.300000000003,22702.3078783369
2026-06-08T00:00:00+00:00,6097.300000000003,6162.190000000003,6048.190000000003,6144.690000000003,18065.028579473463
2026-06-08T12:00:00+00:00,6144.690000000003,6171.210000000003,6124.2000000000035,6141.260000000003,21387
2026-06-09T00:00:00+00:00,6141.260000000003,6213.040000000003,6133.530000000003,6196.550000000003,7523.620776820712
2026-06-09T12:00:00+00:00,6196.550000000003,6232.530000000003,6071.030000000003,6165.590000000003,43986
2026-06-10T00:00:00+00:00,6165.590000000003,6167.090000000003,6053.350000000003,6089.370000000003,19954.665334665333
2026-06-10T12:00:00+00:00,6089.370000000003,6146.370000000003,6064.840000000003,6065.410000000003,42306.338971583216
2026-06-11T00:00:00+00:00,6065.410000000003,6159.200000000003,6062.410000000003,6157.200000000003,10162.39256198347
2026-06-11T12:00:00+00:00,6157.200000000003,6261.200000000003,6104.180000000003,6254.730000000003,50389
2026-06-12T00:00:00+00:00,6254.730000000003,6288.360000000002,6216.850000000003,6245.860000000002,15068.413803971005
2026-06-12T12:00:00+00:00,6245.860000000002,6279.370000000003,6210.850000000003,6269.4100000000035,28980.53319744391
2026-06-15T00:00:00+00:00,6269.4100000000035,6379.870000000003,6268.4100000000035,6354.370000000003,11177.118733509235
2026-06-15T12:00:00+00:00,6354.370000000003,6357.870000000003,6308.860000000003,6317.370000000003,9219.998112525192
2026-06-16T00:00:00+00:00,6317.370000000003,6373.710000000003,6316.370000000003,6362.210000000003,6374.233886069731
2026-06-16T12:00:00+00:00,6362.210000000003,6366.690000000003,6311.690000000003,6312.260000000003,11733.04530011325
2026-06-17T00:00:00+00:00,6312.260000000003,6373.580000000003,6307.760000000003,6355.580000000003,6900.8407960199
2026-06-17T12:00:00+00:00,6355.580000000003,6386.090000000002,6318.070000000002,6325.630000000002,33663.99433564525
2026-06-18T00:00:00+00:00,6325.630000000002,6404.460000000003,6318.630000000002,6378.960000000003,13293.779766536965
2026-06-18T12:00:00+00:00,6378.960000000003,6416.460000000003,6377.440000000002,6407.000000000003,14755.265294994122
2026-06-19T00:00:00+00:00,6407.000000000003,6431.080000000003,6396.090000000002,6409.590000000002,7108.558514365803
2026-06-19T12:00:00+00:00,6409.590000000002,6420.090000000002,6363.140000000002,6367.100000000002,4699.61724694792
2026-06-22T00:00:00+00:00,6367.100000000002,6402.900000000002,6366.600000000002,6397.900000000002,8201.311181780027
2026-06-22T12:00:00+00:00,6397.900000000002,6418.900000000002,6389.900000000002,6406.930000000002,11349.312104284309
2026-06-23T00:00:00+00:00,6406.930000000002,6406.930000000002,6295.170000000003,6328.160000000003,13494.331847311229
2026-06-23T12:00:00+00:00,6328.160000000003,6348.660000000003,6311.150000000002,6314.200000000003,18387.19873484449
2026-06-24T00:00:00+00:00,6314.200000000003,6324.510000000002,6287.4900000000025,6300.500000000003,10072.667460824616
2026-06-24T12:00:00+00:00,6300.500000000003,6309.010000000002,6266.000000000003,6287.050000000002,23142.224067418516
2026-06-25T00:00:00+00:00,6287.050000000002,6347.980000000002,6285.550000000002,6344.470000000002,5274.235033686236
2026-06-25T12:00:00+00:00,6344.470000000002,6369.960000000003,6315.960000000003,6348.5300000000025,28375
2026-06-26T00:00:00+00:00,6348.5300000000025,6352.0300000000025,6290.650000000002,6293.640000000002,10081.809017658152
2026-06-26T12:00:00+00:00,6293.640000000002,6321.140000000002,6266.630000000002,6293.170000000002,21865.245921934686
2026-06-29T00:00:00+00:00,6293.170000000002,6332.520000000002,6291.170000000002,6311.000000000002,9046.254093836247
2026-06-29T12:00:00+00:00,6311.000000000002,6349.020000000002,6284.010000000002,6344.550000000002,13878.642637474066
2026-06-30T00:00:00+00:00,6344.550000000002,6395.000000000002,6343.050000000002,6389.000000000002,5910.760589321476
2026-06-30T12:00:00+00:00,6389.000000000002,6417.980000000002,6363.980000000002,6412.540000000002,6217.905591192095
2026-07-01T00:00:00+00:00,6412.540000000002,6416.040000000002,6371.430000000002,6372.440000000002,5955.322381769571
2026-07-01T12:00:00+00:00,6372.440000000002,6380.440000000002,6345.930000000002,6362.490000000002,9178.946588517918
2026-07-02T00:00:00+00:00,6362.490000000002,6410.5700000000015,6342.050000000002,6409.5700000000015,7276.521938142079
2026-07-02T12:00:00+00:00,6409.5700000000015,6476.550000000002,6407.5700000000015,6440.6100000000015,16642
2026-07-03T00:00:00+00:00,6440.6100000000015,6487.150000000002,6440.1100000000015,6473.640000000002,5542.231579987612
2026-07-03T12:00:00+00:00,6473.640000000002,6506.1500000000015,6473.640000000002,6497.6500000000015,2752.854413248885
2026-07-06T00:00:00+00:00,6497.6500000000015,6517.700000000002,6480.200000000002,6481.700000000002,4238.362224235158
2026-07-06T12:00:00+00:00,6481.700000000002,6488.710000000002,6461.700000000002,6484.260000000002,4802.0263647575575
2026-07-07T00:00:00+00:00,6484.260000000002,6486.260000000002,6444.660000000002,6450.660000000002,5232.8948946094915
2026-07-07T12:00:00+00:00,6450.660000000002,6462.660000000002,6395.6500000000015,6416.190000000001,9198.303739084726
2026-07-08T00:00:00+00:00,6416.190000000001,6416.190000000001,6263.850000000001,6297.850000000001,16966.12614259598
2026-07-08T12:00:00+00:00,6297.850000000001,6331.840000000002,6270.820000000002,6329.880000000002,16531.54151152259
2026-07-09T00:00:00+00:00,6329.880000000002,6355.350000000002,6310.330000000002,6333.340000000002,6741.871615608251
2026-07-09T12:00:00+00:00,6333.340000000002,6376.350000000002,6330.330000000002,6361.900000000002,6706.42029671234
2026-07-10T00:00:00+00:00,6361.900000000002,6373.140000000002,6344.120000000003,6356.120000000003,4931.924205378973
2026-07-10T12:00:00+00:00,6356.120000000003,6378.640000000002,6320.130000000002,6364.660000000003,7834.211846484095
2026-07-13T00:00:00+00:00,6364.660000000003,6375.830000000003,6303.330000000003,6363.340000000003,7078.724356435643
2026-07-13T12:00:00+00:00,6363.340000000003,6374.340000000003,6322.350000000003,6332.380000000003,13833.440096813232
2026-07-14T00:00:00+00:00,6332.380000000003,6345.020000000002,6309.500000000003,6332.020000000002,13268.40058738065
2026-07-14T12:00:00+00:00,6332.020000000002,6398.520000000002,6322.500000000003,6359.550000000003,18960.987246811703
2026-07-15T00:00:00+00:00,6359.550000000003,6397.360000000002,6358.550000000003,6376.360000000002,7592.955655714196
2026-07-15T12:00:00+00:00,6376.360000000002,6389.370000000003,6336.360000000002,6379.920000000003,11038.542060311649
2026-07-16T00:00:00+00:00,6379.920000000003,6400.460000000003,6306.960000000003,6329.470000000003,9660.657846715329
2026-07-16T12:00:00+00:00,6329.470000000003,6389.460000000003,6313.460000000003,6362.520000000002,11231
2026-07-17T00:00:00+00:00,6362.520000000002,6365.520000000002,6303.680000000003,6332.680000000003,9951.90212924916
2026-07-17T12:00:00+00:00,6332.680000000003,6353.700000000003,6297.680000000003,6334.2400000000025,13526
2026-07-20T00:00:00+00:00,6334.2400000000025,6369.380000000003,6306.380000000003,6362.400000000002,10280.0046813924
2026-07-20T12:00:00+00:00,6362.400000000002,6362.880000000003,6290.380000000003,6295.950000000003,13803
2026-07-21T00:00:00+00:00,6295.950000000003,6385.340000000003,6294.950000000003,6362.340000000003,8628.675390945842
2026-07-21T12:00:00+00:00,6362.340000000003,6400.340000000003,6342.320000000002,6399.390000000003,8525.51255846038
2026-07-22T00:00:00+00:00,6399.390000000003,6433.000000000003,6356.4900000000025,6399.500000000003,10267.864587607713
2026-07-22T12:00:00+00:00,6399.500000000003,6434.500000000003,6396.500000000003,6415.540000000003,7325.370161976404
2026-07-23T00:00:00+00:00,6415.540000000003,6416.540000000003,6345.710000000003,6359.710000000003,10750.453902303017
2026-07-23T12:00:00+00:00,6359.710000000003,6360.710000000003,6295.700000000003,6312.760000000003,18922
2026-07-24T00:00:00+00:00,6312.760000000003,6367.4900000000025,6292.470000000003,6357.4900000000025,7998.725274725275
2026-07-24T12:00:00+00:00,6357.4900000000025,6395.4900000000025,6343.470000000003,6368.520000000002,12537
2026-07-27T00:00:00+00:00,6368.520000000002,6473.660000000003,6368.020000000002,6468.660000000003,5915.6185321358225
2026-07-27T12:00:00+00:00,6468.660000000003,6470.660000000003,6386.170000000003,6415.710000000003,10801
2026-07-28T00:00:00+00:00,6415.710000000003,6423.560000000002,6369.540000000003,6380.540000000003,9055.683926645092
2026-07-28T12:00:00+00:00,6380.540000000003,6419.560000000002,6361.050000000003,6408.110000000002,11990.889113186255
2026-07-29T00:00:00+00:00,6408.110000000002,6409.400000000002,6338.900000000002,6378.930000000003,9243.732449297971
2026-07-29T12:00:00+00:00,6378.930000000003,6407.410000000003,6329.970000000003,6335.970000000003,25424
2026-07-30T00:00:00+00:00,6335.970000000003,6417.920000000003,6333.470000000003,6412.420000000003,12743.626667136843
2026-07-30T12:00:00+00:00,6412.420000000003,6469.410000000003,6402.410000000003,6467.470000000003,10010
2026-07-31T00:00:00+00:00,6467.470000000003,6526.670000000003,6466.470000000003,6494.650000000002,9454.587921254588
2026-07-31T12:00:00+00:00,6494.650000000002,6494.650000000002,6435.650000000002,6468.200000000003,12850.49221120777
2026-08-03T00:00:00+00:00,6468.200000000003,6531.110000000002,6466.200000000003,6522.100000000002,9412.624369239784
2026-08-03T12:00:00+00:00,6522.100000000002,6553.110000000002,6503.110000000002,6547.160000000003,6805.30739116701
2026-08-04T00:00:00+00:00,6547.160000000003,6588.340000000003,6547.160000000003,6587.340000000003,7472.9312103748
2026-08-04T12:00:00+00:00,6587.340000000003,6620.320000000002,6573.320000000002,6615.880000000003,6669.4941167666475
2026-08-05T00:00:00+00:00,6615.880000000003,6626.410000000003,6580.410000000003,6599.420000000003,5625.770741648754
2026-08-05T12:00:00+00:00,6599.420000000003,6610.420000000003,6579.400000000002,6586.470000000003,7909.894295189151
2026-08-06T00:00:00+00:00,6586.470000000003,6625.770000000002,6585.770000000002,6617.2800000000025,7428.654135338345
2026-08-06T12:00:00+00:00,6617.2800000000025,6631.790000000003,6600.770000000002,6606.830000000003,9128.759511941968
2026-08-07T00:00:00+00:00,6606.830000000003,6653.000000000003,6604.4900000000025,6645.980000000002,6439.083974814197
2026-08-07T12:00:00+00:00,6645.980000000002,6661.980000000002,6615.9900000000025,6638.050000000003,8338.721201583186
2026-08-10T00:00:00+00:00,6638.050000000003,6661.670000000003,6624.650000000003,6660.660000000003,4352.23718165603
2026-08-10T12:00:00+00:00,6660.660000000003,6661.670000000003,6626.670000000003,6637.710000000003,5578.9859640252835
2026-08-11T00:00:00+00:00,6637.710000000003,6660.120000000003,6629.600000000003,6657.100000000003,6776.3115050000615
2026-08-11T12:00:00+00:00,6657.100000000003,6680.120000000003,6637.100000000003,6647.670000000003,5793.301817512112
2026-08-12T00:00:00+00:00,6647.670000000003,6677.480000000003,6647.670000000003,6666.460000000003,5121.233292341836
2026-08-12T12:00:00+00:00,6666.460000000003,6684.520000000003,6627.460000000003,6654.0300000000025,6748.7791772092605
2026-08-13T00:00:00+00:00,6654.0300000000025,6674.980000000003,6652.0300000000025,6662.960000000003,3456.039531835786
2026-08-13T12:00:00+00:00,6662.960000000003,6668.980000000003,6641.970000000003,6662.980000000003,4245.911675705172
2026-08-14T00:00:00+00:00,6662.980000000003,6667.370000000003,6646.350000000003,6664.370000000003,3780.922949748896
2026-08-14T12:00:00+00:00,6664.370000000003,6665.870000000003,6633.360000000002,6648.410000000003,3233.8671369073886
2026-08-17T00:00:00+00:00,6648.410000000003,6672.570000000002,6647.910000000003,6658.550000000003,4745.453228887971
2026-08-17T12:00:00+00:00,6658.550000000003,6658.560000000003,6621.550000000003,6626.620000000003,4991.05430655837
2026-08-18T00:00:00+00:00,6626.620000000003,6627.620000000003,6574.880000000003,6600.890000000003,5948.007313491185
2026-08-18T12:00:00+00:00,6600.890000000003,6607.890000000003,6564.380000000003,6575.440000000003,6787.7670334397335
2026-08-19T00:00:00+00:00,6575.440000000003,6585.900000000003,6555.880000000003,6571.390000000003,4723.1220071011285
2026-08-19T12:00:00+00:00,6571.390000000003,6593.900000000003,6534.900000000003,6540.950000000003,8940.985028248588
2026-08-20T00:00:00+00:00,6540.950000000003,6559.840000000003,6522.320000000002,6522.820000000002,5955.19149619301
2026-08-20T12:00:00+00:00,6522.820000000002,6542.340000000003,6507.330000000003,6520.390000000003,6573.506154057945
2026-08-21T00:00:00+00:00,6520.390000000003,6559.230000000003,6520.390000000003,6543.210000000003,5065.758549479539
2026-08-21T12:00:00+00:00,6543.210000000003,6572.230000000003,6542.210000000003,6562.760000000003,3990.252725044257
2026-08-24T00:00:00+00:00,6460.88,6469.43,6441.95,6459.43,5666
2026-08-24T12:00:00+00:00,6459.43,6465.44,6439.43,6456.49,6180
2026-08-25T00:00:00+00:00,6456.49,6493.34,6456.49,6477.32,8292
2026-08-25T12:00:00+00:00,6477.32,6482.83,6452.83,6467.89,5326
2026-08-26T00:00:00+00:00,6467.89,6480.24,6456.22,6479.23,4812
2026-08-26T12:00:00+00:00,6479.23,6500.73,6460.22,6469.77,4626
2026-08-27T00:00:00+00:00,6470.27,6500.62,6449.1,6466.61,5542
2026-08-27T12:00:00+00:00,6466.61,6467.62,6415.6,6436.67,5171
2026-08-28T00:00:00+00:00,6437.17,6482.12,6436.67,6468.14,4697
2026-08-28T12:00:00+00:00,6468.14,6500.14,6468.12,6478.17,8784
2026-08-31T00:00:00+00:00,6478.17,6489.28,6458.26,6477.27,3618
2026-08-31T12:00:00+00:00,6477.27,6482.27,6398.27,6408.32,4759
2026-09-01T00:00:00+00:00,6408.32,6426.44,6360.42,6385.42,8386
2026-09-01T12:00:00+00:00,6385.42,6395.44,6334.93,6343.47,9209
2026-09-02T00:00:00+00:00,6343.47,6376.88,6331.38,6367.86,9230
2026-09-02T12:00:00+00:00,6367.86,6376.88,6351.87,6368.43,7293
2026-09-03T00:00:00+00:00,6368.43,6376.28,6338.26,6349.77,8258
2026-09-03T12:00:00+00:00,6349.77,6386.28,6345.26,6385.81,6159
2026-09-04T00:00:00+00:00,6385.81,6396.61,6362.09,6395.11,5166
2026-09-04T12:00:00+00:00,6395.11,6411.1,6372.64,6398.6,8579
2026-09-07T00:00:00+00:00,6398.6,6403.78,6369.76,6379.28,5503
2026-09-07T12:00:00+00:00,6379.28,6408.76,6378.76,6396.78,2869
2026-09-08T00:00:00+00:00,6396.78,6412.69,6361.67,6407.67,9543
2026-09-08T12:00:00+00:00,6407.67,6417.18,6374.67,6375.72,6707
2026-09-09T00:00:00+00:00,6375.72,6384.55,6283.54,6284.06,9369
2026-09-09T12:00:00+00:00,6284.06,6318.56,6275.54,6299.11,8808
2026-09-10T00:00:00+00:00,6299.59,6329.98,6291.97,6292.49,7952
2026-09-10T12:00:00+00:00,6292.49,6298.49,6250.97,6258.04,16823
2026-09-11T00:00:00+00:00,6258.04,6321.26,6258.04,6311.75,8192
2026-09-11T12:00:00+00:00,6311.75,6342.26,6294.3,6320.3,11089
2026-09-14T00:00:00+00:00,6320.3,6320.3,6245.44,6257.45,12788
2026-09-14T12:00:00+00:00,6257.45,6296.45,6234.45,6271.5,15798
2026-09-15T00:00:00+00:00,6271.5,6271.5,6193.86,6258.34,15368
2026-09-15T12:00:00+00:00,6258.34,6266.86,6219.86,6245.9,13152
2026-09-16T00:00:00+00:00,6245.9,6277.29,6240.27,6275.27,10530
2026-09-16T12:00:00+00:00,6275.27,6291.29,6232.27,6261.84,19988
2026-09-17T00:00:00+00:00,6261.84,6317.71,6261.84,6317.19,10283
2026-09-17T12:00:00+00:00,6317.19,6337.71,6303.69,6306.75,8033
2026-09-18T00:00:00+00:00,6306.75,6329.74,6256.24,6257.22,9383
2026-09-18T12:00:00+00:00,6257.22,6260.74,6226.73,6239.79,7446
2026-09-21T00:00:00+00:00,6239.79,6332.65,6239.79,6329.13,5892
2026-09-21T12:00:00+00:00,6329.13,6355.64,6304.63,6346.68,5264
2026-09-22T00:00:00+00:00,6346.68,6365.01,6294.49,6345.01,14623
2026-09-22T12:00:00+00:00,6345.01,6372.51,6324.49,6358.5,9197
